Workbook

Sheet CFD_results
A1: Inlet_velocity | B1: Spacer_height | C1: Spacer_height | D1: hs/hc | E1: Channel_height | F1: Feed_pressure | G1: C/Cinit(bottom) | H1: C/Cinit(top) | I1: C/Cinit(average) | J1: deltaP | K1: Feed_pressure | L1: deltax(window_width) | M1: kf | N1: dp/dx (Pa/m) | O1: dp/dx(bar/m) | P1: Pump efficiency | Q1: SEC/m (Wh/m^4)
A2: m/s | B2: mils | C2: mm | D2: # | E2: mm | F2: bar | G2: # | H2: # | I2: # | J2: Pa | K2: Pa | L2: mm | M2: m/s
A3: 0.1 | B3: 12 | C3: =B3*0.0254 -> 0.3048 | D3: 0.85 | E3: =C3/D3 -> 0.35858824 | F3: =K3/100000 -> 9.37687 | G3: 1.1215 | H3: 1.12 | I3: =AVERAGE(G3:H3) -> 1.12075 | J3: 2814.696 | K3: 937687 | L3: 0.15 | M3: =(A3*0.02*E3*0.001*0.7)/LN(I3) -> 4.4037884e-06 | N3: =J3/0.12 -> 23455.8 | O3: =N3*0.00001 -> 0.234558 | P3: 0.85 | Q3: =(N3/(P3*3.6*10^6))*1000 -> 7.6652941
A4: 0.1 | B4: 14 | C4: =B4*0.0254 -> 0.3556 | D4: 0.85 | E4: =C4/D4 -> 0.41835294 | F4: =K4/100000 -> 9.37687 | G4: 1.1229 | H4: 1.121 | I4: =AVERAGE(G4:H4) -> 1.12195 | J4: 1782.934 | K4: 937687 | L4: 0.15 | M4: =(A4*0.02*E4*0.001*0.7)/LN(I4) -> 5.0899719e-06 | N4: =J4/0.12 -> 14857.783 | O4: =N4*0.00001 -> 0.14857783 | P4: 0.85 | Q4: =(N4/(P4*3.6*10^6))*1000 -> 4.8554847
A5: 0.1 | B5: 16 | C5: =B5*0.0254 -> 0.4064 | D5: 0.85 | E5: =C5/D5 -> 0.47811765 | F5: =K5/100000 -> 9.37687 | G5: 1.1187 | H5: 1.1213 | I5: =AVERAGE(G5:H5) -> 1.12 | J5: 1955.0312 | K5: 937687 | L5: 0.15 | M5: =(A5*0.02*E5*0.001*0.7)/LN(I5) -> 5.9064014e-06 | N5: =J5/0.12 -> 16291.927 | O5: =N5*0.00001 -> 0.16291927 | P5: 0.85 | Q5: =(N5/(P5*3.6*10^6))*1000 -> 5.324159
A6: 0.1 | B6: 18 | C6: =B6*0.0254 -> 0.4572 | D6: 0.85 | E6: =C6/D6 -> 0.53788235 | F6: =K6/100000 -> 9.37687 | G6: 1.119 | H6: 1.1248 | I6: =AVERAGE(G6:H6) -> 1.1219 | J6: 1218.7528 | K6: 937687 | L6: 0.15 | M6: =(A6*0.02*E6*0.001*0.7)/LN(I6) -> 6.5467851e-06 | N6: =J6/0.12 -> 10156.273 | O6: =N6*0.00001 -> 0.10156273 | P6: 0.85 | Q6: =(N6/(P6*3.6*10^6))*1000 -> 3.3190436
A7: 0.1 | B7: 20 | C7: =B7*0.0254 -> 0.508 | D7: 0.85 | E7: =C7/D7 -> 0.59764706 | F7: =K7/100000 -> 9.37687 | G7: 1.116 | H7: 1.1232 | I7: =AVERAGE(G7:H7) -> 1.1196 | J7: 1135.491 | K7: 937687 | L7: 0.15 | M7: =(A7*0.02*E7*0.001*0.7)/LN(I7) -> 7.4063462e-06 | N7: =J7/0.12 -> 9462.425 | O7: =N7*0.00001 -> 0.09462425 | P7: 0.85 | Q7: =(N7/(P7*3.6*10^6))*1000 -> 3.0922958
A8: 0.4 | B8: 12 | C8: =B8*0.0254 -> 0.3048 | D8: 0.85 | E8: =C8/D8 -> 0.35858824 | F8: =K8/100000 -> 9.37687 | G8: 1.0968 | H8: 1.096 | I8: =AVERAGE(G8:H8) -> 1.0964 | J8: 16135.674 | K8: 937687 | L8: 0.15 | M8: =(A8*0.02*E8*0.001*0.7)/LN(I8) -> 2.18195e-05 | N8: =J8/0.12 -> 134463.95 | O8: =N8*0.00001 -> 1.3446395 | P8: 0.85 | Q8: =(N8/(P8*3.6*10^6))*1000 -> 43.942467
A9: 0.4 | B9: 14 | C9: =B9*0.0254 -> 0.3556 | D9: 0.85 | E9: =C9/D9 -> 0.41835294 | F9: =K9/100000 -> 9.37687 | G9: 1.095 | H9: 1.089 | I9: =AVERAGE(G9:H9) -> 1.092 | J9: 15882.571 | K9: 937687 | L9: 0.15 | M9: =(A9*0.02*E9*0.001*0.7)/LN(I9) -> 2.661917e-05 | N9: =J9/0.12 -> 132354.76 | O9: =N9*0.00001 -> 1.3235476 | P9: 0.85 | Q9: =(N9/(P9*3.6*10^6))*1000 -> 43.253189
A10: 0.4 | B10: 16 | C10: =B10*0.0254 -> 0.4064 | D10: 0.85 | E10: =C10/D10 -> 0.47811765 | F10: =K10/100000 -> 9.37687 | G10: 1.0879 | H10: 1.0872 | I10: =AVERAGE(G10:H10) -> 1.08755 | J10: 9464.873 | K10: 937687 | L10: 0.15 | M10: =(A10*0.02*E10*0.001*0.7)/LN(I10) -> 3.190206e-05 | N10: =J10/0.12 -> 78873.942 | O10: =N10*0.00001 -> 0.78873942 | P10: 0.85 | Q10: =(N10/(P10*3.6*10^6))*1000 -> 25.775798
A11: 0.4 | B11: 18 | C11: =B11*0.0254 -> 0.4572 | D11: 0.85 | E11: =C11/D11 -> 0.53788235 | F11: =K11/100000 -> 9.37687 | G11: 1.0841 | H11: 1.0843 | I11: =AVERAGE(G11:H11) -> 1.0842 | J11: 10495.857 | K11: 937687 | L11: 0.15 | M11: =(A11*0.02*E11*0.001*0.7)/LN(I11) -> 3.7259429e-05 | N11: =J11/0.12 -> 87465.475 | O11: =N11*0.00001 -> 0.87465475 | P11: 0.85 | Q11: =(N11/(P11*3.6*10^6))*1000 -> 28.583489
A12: 0.4 | B12: 20 | C12: =B12*0.0254 -> 0.508 | D12: 0.85 | E12: =C12/D12 -> 0.59764706 | F12: =K12/100000 -> 9.37687 | G12: 1.0889 | H12: 1.094 | I12: =AVERAGE(G12:H12) -> 1.09145 | J12: 6395.2825 | K12: 937687 | L12: 0.15 | M12: =(A12*0.02*E12*0.001*0.7)/LN(I12) -> 3.8246314e-05 | N12: =J12/0.12 -> 53294.021 | O12: =N12*0.00001 -> 0.53294021 | P12: 0.85 | Q12: =(N12/(P12*3.6*10^6))*1000 -> 17.416347
M17: 10cm

Sheet python_input
A1: Inlet_velocity(m/s) | B1: Spacer_height(mil) | C1: C/Cinit(average) | D1: deltaP(Pa)
A2: 0.1 | B2: 12 | C2: =CFD_results!I3 -> 1.12075 | D2: 2814.696
A3: 0.1 | B3: 14 | C3: =CFD_results!I4 -> 1.12195 | D3: 1782.934
A4: 0.1 | B4: 16 | C4: =CFD_results!I5 -> 1.12 | D4: 1955.0312
A5: 0.1 | B5: 18 | C5: =CFD_results!I6 -> 1.1219 | D5: 1218.7528
A6: 0.1 | B6: 20 | C6: =CFD_results!I7 -> 1.1196 | D6: 1135.491
A7: 0.4 | B7: 12 | C7: =CFD_results!I8 -> 1.0964 | D7: 16135.674
A8: 0.4 | B8: 14 | C8: =CFD_results!I9 -> 1.092 | D8: 15882.571
A9: 0.4 | B9: 16 | C9: =CFD_results!I10 -> 1.08755 | D9: 9464.873
A10: 0.4 | B10: 18 | C10: =CFD_results!I11 -> 1.0842 | D10: 10495.857
A11: 0.4 | B11: 20 | C11: =CFD_results!I12 -> 1.09145 | D11: 6395.2825

Sheet Spacer_design_and_exp_params
A2: Shape | B2: Spacer diameter (m) | C2: Height of channel(m) | D2: Height of spacer(m) | E2: Distance between spacers(m) | F2: width of channel(m) | G2: Nsp | H2: Spacer_area | I2: hs/hc | J2: Porosity | K2: dh(m) | L2: dh(open channel)
A3: Dome | B3: =A18*0.001 -> 0.00125 | C3: =B18*0.001 -> 0.00076 | D3: =C18*0.001 -> 0.00065 | E3: =D18*0.001 -> 0.008 | F3: 0.02 | G3: =ROUNDDOWN(1/(E3)^2,1) -> 15625 | H3: =(PI()*(B3)^2)/4 -> 1.2271846e-06 | I3: =D3/C3 -> 0.85526316 | J3: =1-(G3*H3*I3) -> 0.98360053 | K3: =(4*J3*C3)/(2+G3*(B3*D3+B3^2)/4) -> 0.0014881697 | L3: =2*C3*F3/(C3+F3) -> 0.0014643545
B4: =A19*0.001 -> 0.00138 | C4: =B19*0.001 -> 0.00085 | D4: =C19*0.001 -> 0.00056 | E4: =D19*0.001 -> 0.0093 | F4: 0.02 | G4: =ROUNDDOWN(1/(E4)^2,1) -> 11562 | H4: =(PI()*(B4)^2)/4 -> 1.4957123e-06 | I4: =D4/C4 -> 0.65882353 | J4: =1-(G4*H4*I4) -> 0.98860668 | K4: =(4*J4*C4)/(2+G4*(B4*D4+B4^2)/4) -> 0.0016741537 | L4: =2*C4*F4/(C4+F4) -> 0.0016306954
A7: Velocity(ml/min) | B7: v(m/s) | C7: rho/mu | D7: Re(dh-spacer) | E7: Re(dh-open)
A8: 30 | B8: =(A8*0.000001)/(60*($C$3*$F$3)) -> 0.032894737 | C8: =997/0.00089 -> 1120224.7 | D8: =C8*B8*$K$3 -> 54.838305 | E8: =B8*C8*$L$3 -> 53.960728
A9: 60 | B9: =(A9*0.000001)/(60*($C$3*$F$3)) -> 0.065789474 | C9: =997/0.00089 -> 1120224.7 | D9: =C9*B9*$K$3 -> 109.67661 | E9: =B9*C9*$L$3 -> 107.92146
A10: 90 | B10: =(A10*0.000001)/(60*($C$3*$F$3)) -> 0.098684211 | C10: =997/0.00089 -> 1120224.7 | D10: =C10*B10*$K$3 -> 164.51491 | E10: =B10*C10*$L$3 -> 161.88218
A11: 180 | B11: =(A11*0.000001)/(60*($C$3*$F$3)) -> 0.19736842 | C11: =997/0.00089 -> 1120224.7 | D11: =C11*B11*$K$3 -> 329.02983 | E11: =B11*C11*$L$3 -> 323.76437
A12: 360 | B12: =(A12*0.000001)/(60*($C$3*$F$3)) -> 0.39473684 | C12: =997/0.00089 -> 1120224.7 | D12: =C12*B12*$K$3 -> 658.05966 | E12: =B12*C12*$L$3 -> 647.52874
A17: Spacer diameter (mm) | B17: Height of channel(mm) | C17: Height of spacer(mm) | D17: Distance between spacers(mm) | E17: Porosity | F17: dh(mm)
A18: 1.25 | B18: 0.76 | C18: 0.65 | D18: 8 | E18: =J3 -> 0.98360053 | F18: =K3*1000 -> 1.4881697
A19: 1.38 | B19: 0.85 | C19: 0.56 | D19: 9.3 | E19: =J4 -> 0.98860668 | F19: =K4*1000 -> 1.6741537
A23: Membranes have same A/B values
A24: Water permeability | B24: 2.4341271 | C24: ±0.2134 | D24: LMH/bar
B25: 6.7614641e-12 | C25: ±5.92e-13 | D25: m/s/Pa
A27: Salt permeability (B) | B27: 0.1907 | C27: ±0.052889 | D27: LMH
B28: 5.2977913e-08 | C28: ±1.46e-08 | D28: m/s
A29: Inlet concentration | C29: 5.14 | D29: g NaCl/kg solution
B32: R(J/mol.K) | C32: T(K)
B33: 8.314 | C33: 298
A35: Inlet conc
A36: 5.14g

Sheet analyzed_data_aqua_membranes
A1: Inlet_velocity(cm/s) | B1: Channel_height(mm) | C1: Spacer_height(mm) | D1: hs/hc | E1: C/Cint(average) | F1: deltaP(bar) | G1: Feed_pressure(bar)
A2: =CFD_results!A3*100 -> 10 | B2: =CFD_results!E3 -> 0.35858824 | C2: =CFD_results!C3 -> 0.3048 | D2: =CFD_results!B3/CFD_results!E3 -> 33.464567 | E2: 1.12 | F2: =CFD_results!J3*10^-5 -> 0.02814696 | G2: =CFD_results!K3*10^-5 -> 9.37687
A3: =CFD_results!A4*100 -> 10 | B3: =CFD_results!E4 -> 0.41835294 | C3: =CFD_results!C4 -> 0.3556 | D3: =CFD_results!B4/CFD_results!E4 -> 33.464567 | E3: 1.121 | F3: =CFD_results!J4*10^-5 -> 0.01782934 | G3: =CFD_results!K4*10^-5 -> 9.37687
A4: =CFD_results!A5*100 -> 10 | B4: =CFD_results!E5 -> 0.47811765 | C4: =CFD_results!C5 -> 0.4064 | D4: =CFD_results!B5/CFD_results!E5 -> 33.464567 | E4: 1.1213 | F4: =CFD_results!J5*10^-5 -> 0.019550312 | G4: =CFD_results!K5*10^-5 -> 9.37687
A5: =CFD_results!A6*100 -> 10 | B5: =CFD_results!E6 -> 0.53788235 | C5: =CFD_results!C6 -> 0.4572 | D5: =CFD_results!B6/CFD_results!E6 -> 33.464567 | E5: 1.1248 | F5: =CFD_results!J6*10^-5 -> 0.012187528 | G5: =CFD_results!K6*10^-5 -> 9.37687
A6: =CFD_results!A7*100 -> 10 | B6: =CFD_results!E7 -> 0.59764706 | C6: =CFD_results!C7 -> 0.508 | D6: =CFD_results!B7/CFD_results!E7 -> 33.464567 | E6: 1.1232 | F6: =CFD_results!J7*10^-5 -> 0.01135491 | G6: =CFD_results!K7*10^-5 -> 9.37687
A7: =CFD_results!A8*100 -> 40 | B7: =CFD_results!E8 -> 0.35858824 | C7: =CFD_results!C8 -> 0.3048 | D7: =CFD_results!B8/CFD_results!E8 -> 33.464567 | E7: 1.096 | F7: =CFD_results!J8*10^-5 -> 0.16135674 | G7: =CFD_results!K8*10^-5 -> 9.37687
A8: =CFD_results!A9*100 -> 40 | B8: =CFD_results!E9 -> 0.41835294 | C8: =CFD_results!C9 -> 0.3556 | D8: =CFD_results!B9/CFD_results!E9 -> 33.464567 | E8: 1.089 | F8: =CFD_results!J9*10^-5 -> 0.15882571 | G8: =CFD_results!K9*10^-5 -> 9.37687
A9: =CFD_results!A10*100 -> 40 | B9: =CFD_results!E10 -> 0.47811765 | C9: =CFD_results!C10 -> 0.4064 | D9: =CFD_results!B10/CFD_results!E10 -> 33.464567 | E9: 1.0872 | F9: =CFD_results!J10*10^-5 -> 0.09464873 | G9: =CFD_results!K10*10^-5 -> 9.37687
A10: =CFD_results!A11*100 -> 40 | B10: =CFD_results!E11 -> 0.53788235 | C10: =CFD_results!C11 -> 0.4572 | D10: =CFD_results!B11/CFD_results!E11 -> 33.464567 | E10: 1.0843 | F10: =CFD_results!J11*10^-5 -> 0.10495857 | G10: =CFD_results!K11*10^-5 -> 9.37687
A11: =CFD_results!A12*100 -> 40 | B11: =CFD_results!E12 -> 0.59764706 | C11: =CFD_results!C12 -> 0.508 | D11: =CFD_results!B12/CFD_results!E12 -> 33.464567 | E11: 1.094 | F11: =CFD_results!J12*10^-5 -> 0.063952825 | G11: =CFD_results!K12*10^-5 -> 9.37687
A14: Statistics | B14: C/Cint | C14: deltaP
A15: Average | B15: =AVERAGE(analyzed_data_aqua_membranes!E2:E11) -> 1.10608 | C15: =AVERAGE(analyzed_data_aqua_membranes!F2:F11) -> 0.067281163
A16: St.Dev | B16: =_xlfn.STDEV.P(analyzed_data_aqua_membranes!E2:E11) -> 0.016314521 | C16: =_xlfn.STDEV.P(analyzed_data_aqua_membranes!F2:F11) -> 0.056416774
A17: VarP | B17: =_xlfn.VAR.P(analyzed_data_aqua_membranes!E2:E11) * 100 -> 0.02661636 | C17: =_xlfn.VAR.P(analyzed_data_aqua_membranes!F2:F11) * 100 -> 0.31828524
A18: VarP/Average*100 | B18: =(B17/B15)*(100) -> 2.4063684 | C18: =(C17/C15)*(100) -> 473.06739
